{"cameraMode":{"drawMode":0,"name":"Shaded","section":"Shading Mode"},"sceneLighting":true,"audioPlay":false,"sceneViewState":{"m_AlwaysRefresh":false,"showFog":true,"showSkybox":true,"showFlares":true,"showImageEffects":true,"showParticleSystems":true,"showVisualEffectGraphs":true,"m_FxEnabled":true},"in2DMode":false,"pivot":{"x":0.38688862323760989,"y":-0.0153847336769104,"z":0.05335116386413574},"rotation":{"x":0.24642664194107057,"y":0.008722112514078617,"z":-0.002216992899775505,"w":0.969127357006073},"size":0.9259205460548401,"orthographic":true}